{
    "variants": {
        "shape=north_south": [
			{ "model": "normal_rail_flat", "weight": 50 },
			{ "model": "rail/rail1", "weight": 10 },
			{ "model": "rail/rail2", "weight": 10 },			
			{ "model": "rail/rail3", "weight": 15 }
		],						
        "shape=east_west": [
			{ "model": "normal_rail_flat", "weight": 50, "y": 90 },
			{ "model": "rail/rail1", "weight": 10, "y": 90 },
			{ "model": "rail/rail2", "weight": 10, "y": 90 },			
			{ "model": "rail/rail3", "weight": 15, "y": 90 }
		],	
        "shape=ascending_east": { "model": "normal_rail_raised_ne", "y": 90 },
        "shape=ascending_west": { "model": "normal_rail_raised_sw", "y": 90 },
        "shape=ascending_north": { "model": "normal_rail_raised_ne" },
        "shape=ascending_south": { "model": "normal_rail_raised_sw" },
        "shape=south_east": { "model": "normal_rail_curved" },
        "shape=south_west": { "model": "normal_rail_curved", "y": 90 },
        "shape=north_west": { "model": "normal_rail_curved", "y": 180 },
        "shape=north_east": { "model": "normal_rail_curved", "y": 270 }
    }
}
