{
    "variants": {
        "normal": [	
            { "model": "foliage/waterlily/waterlily", "weight": 30 },
            { "model": "foliage/waterlily/waterlily", "y": 90, "weight": 30 },
            { "model": "foliage/waterlily/waterlily", "y": 180, "weight": 30 },
            { "model": "foliage/waterlily/waterlily", "y": 270, "weight": 30 },			
            { "model": "foliage/waterlily/waterlily1", "weight": 30 },
            { "model": "foliage/waterlily/waterlily1", "y": 90, "weight": 30 },			
            { "model": "foliage/waterlily/waterlily1", "y": 180, "weight": 30 },
            { "model": "foliage/waterlily/waterlily1", "y": 270, "weight": 30 },            
			{ "model": "foliage/waterlily/waterlily2", "weight": 20 },
            { "model": "foliage/waterlily/waterlily2", "y": 90, "weight": 20 },
            { "model": "foliage/waterlily/waterlily2", "y": 180, "weight": 20 },			
            { "model": "foliage/waterlily/waterlily2", "y": 270, "weight": 20 },			
            { "model": "foliage/waterlily/waterlily2_lily", "weight": 15 },			
            { "model": "foliage/waterlily/waterlily2_lily", "y": 90, "weight": 15 },			
            { "model": "foliage/waterlily/waterlily2_lily", "y": 180, "weight": 15 },	
            { "model": "foliage/waterlily/waterlily2_lily", "y": 270, "weight": 15 },
            { "model": "foliage/waterlily/waterlily2_lily2", "weight": 15 },			
            { "model": "foliage/waterlily/waterlily2_lily2", "y": 90, "weight": 15 },			
            { "model": "foliage/waterlily/waterlily2_lily2", "y": 180, "weight": 15 },	
            { "model": "foliage/waterlily/waterlily2_lily2", "y": 270, "weight": 15 }		
        ]
    }
}
