{
    "parent": "block/block",
    "textures": {
        "particle": "blocks/planks_acacia",	
        "texture": "blocks/planks_acacia",
        "top": "blocks/planks_acacia_top"			
      },
    "elements": [
        {   "from": [ 0, 0, 0 ],
            "to": [ 16, 16, 16 ],
            "faces": {
                "down":  { "texture": "#top", "cullface": "down" },
                "up":    { "texture": "#top", "cullface": "up"   },
                "north": { "texture": "#texture" },
                "south": { "texture": "#texture" },
                "west":  { "texture": "#texture" },
                "east":  { "texture": "#texture" }
            },
            "__comment": "block"
        }
    ]
}