{
	"credit": "Made with Blockbench, a free, modern block model editor by JannisX11",
	"textures": {"particle": "blocks/door_acacia_upper"},
	"elements": [
		{
			"name": "cube",
			"from": [0, 0, 0],
			"to": [3, 16, 3],
			"faces": {
				"north": {
					"uv": [16, 0, 13, 16],
					"texture": "#particle",
					"cullface": "north"
				},
				"east": {
					"uv": [13, 0, 16, 16],
					"texture": "#particle"
				},
				"south": {
					"uv": [0, 0, 3, 16],
					"texture": "#particle"
				},
				"west": {
					"uv": [13, 0, 16, 16],
					"texture": "#particle",
					"cullface": "west"
				},
				"up": {
					"uv": [13, 0, 16, 3],
					"texture": "#particle",
					"cullface": "up"
				}
			}
		},
		{
			"name": "cube",
			"from": [0, 0, 13],
			"to": [3, 16, 16],
			"faces": {
				"north": {
					"uv": [3, 0, 0, 16],
					"texture": "#particle"
				},
				"east": {
					"uv": [0, 0, 3, 16],
					"texture": "#particle"
				},
				"south": {
					"uv": [0, 0, 3, 16],
					"texture": "#particle",
					"cullface": "south"
				},
				"west": {
					"uv": [0, 0, 3, 16],
					"texture": "#particle",
					"cullface": "west"
				},
				"up": {
					"uv": [0, 0, 3, 3],
					"texture": "#particle",
					"cullface": "up"
				}
			}
		},
		{
			"name": "cube",
			"from": [1, 0, 4],
			"to": [2, 16, 6],
			"faces": {
				"north": {
					"uv": [12, 0, 11, 16],
					"texture": "#particle"
				},
				"east": {
					"uv": [10, 0, 12, 16],
					"texture": "#particle"
				},
				"south": {
					"uv": [4, 0, 5, 16],
					"texture": "#particle"
				},
				"west": {
					"uv": [4, 0, 6, 16],
					"texture": "#particle"
				},
				"up": {
					"uv": [0, 0, 1, 1],
					"texture": "#particle",
					"cullface": "up"
				}
			}
		},
		{
			"name": "cube",
			"from": [1, 0, 7],
			"to": [2, 16, 9],
			"faces": {
				"north": {
					"uv": [9, 0, 8, 16],
					"texture": "#particle"
				},
				"east": {
					"uv": [7, 0, 9, 16],
					"texture": "#particle"
				},
				"south": {
					"uv": [7, 0, 8, 16],
					"texture": "#particle"
				},
				"west": {
					"uv": [7, 0, 9, 16],
					"texture": "#particle"
				},
				"up": {
					"uv": [0, 0, 1, 1],
					"texture": "#particle",
					"cullface": "up"
				}
			}
		},
		{
			"name": "cube",
			"from": [1, 0, 10],
			"to": [2, 16, 12],
			"faces": {
				"north": {
					"uv": [6, 0, 5, 16],
					"texture": "#particle"
				},
				"east": {
					"uv": [4, 0, 6, 16],
					"texture": "#particle"
				},
				"south": {
					"uv": [10, 0, 11, 16],
					"texture": "#particle"
				},
				"west": {
					"uv": [10, 0, 12, 16],
					"texture": "#particle"
				},
				"up": {
					"uv": [0, 0, 1, 1],
					"texture": "#particle",
					"cullface": "up"
				}
			}
		},
		{
			"name": "cube",
			"from": [1, 13, 2],
			"to": [2, 15, 14],
			"faces": {
				"east": {
					"uv": [2, 1, 14, 3],
					"texture": "#particle"
				},
				"west": {
					"uv": [2, 1, 14, 3],
					"texture": "#particle"
				},
				"up": {"uv": [3, 0, 4, 12], "texture": "#particle"},
				"down": {
					"uv": [6, 0, 7, 12],
					"texture": "#particle",
					"rotation": 90
				}
			}
		}
	],
	"ambientocclusion": false
}